p_val,avg_logFC,pct.1,pct.2,p_val_adj,cluster,gene
2.5531433286389288e-197,0.9616492623070381,0.859,0.193,5.571724686088734e-193,endoderm,Hbox7
3.1091838254712905e-191,1.6610786563329076,0.986,0.474,6.785171862325997e-187,endoderm,eve
3.2185608921053805e-162,0.722145301282506,0.655,0.113,7.023865434841572e-158,endoderm,LOC584138
2.5196519292496476e-151,0.9709158570803079,0.957,0.326,5.498636405201506e-147,endoderm,blimp1/krox
4.2050145196341276e-148,1.0827379786124693,0.992,0.74,9.176603186197557e-144,endoderm,LOC105440257
4.735291019897357e-143,0.9617939574992922,0.957,0.311,1.0333825592722e-138,endoderm,LOC373243
8.176579165594948e-137,1.0337497152710209,0.986,0.558,1.7843748713077854e-132,endoderm,LOC100889188
3.761763612092985e-113,0.6643640994341038,0.701,0.201,8.209296730670521e-109,endoderm,LOC100889512
6.350272523002271e-113,0.8102219850375184,0.832,0.26,1.3858199726947856e-108,endoderm,LOC100891660
4.1177382462646304e-95,0.9287913486527506,0.902,0.467,8.986140174823303e-91,endoderm,LOC576715
2.2237511285962377e-86,0.6498361722819668,0.992,0.892,4.8528920879355696e-82,endoderm,LOC100888674
6.345489274094775e-70,0.4320012060432954,0.995,0.971,1.3847761242857029e-65,endoderm,LOC592057
1.117855657262751e-68,0.41256980201354915,0.462,0.118,2.4394964008445015e-64,endoderm,LOC575412
4.2738546894657507e-63,0.5583532156123039,0.984,0.816,9.326833088821109e-59,endoderm,LOC105437938
5.6899274807095035e-61,0.5703175960739733,0.976,0.778,1.241712874115235e-56,endoderm,LOC100888601
2.699237236772017e-52,0.5239497564693718,0.736,0.362,5.890545421807572e-48,endoderm,LOC100890901
5.33602937328588e-52,0.48566849814809143,0.948,0.721,1.1644816901321776e-47,endoderm,LOC100889104
1.1499408463675768e-48,0.4866515399639839,0.946,0.663,2.509515909027963e-44,endoderm,LOC105438846
3.6123891723261744e-43,0.5228895531684363,0.924,0.683,7.88331689076741e-39,endoderm,LOC100888533
1.417585892962455e-40,0.5203309326901969,0.742,0.435,3.0935976942119655e-36,endoderm,Not
3.4990829018707213e-39,0.37651153793640446,0.837,0.536,7.636048616752475e-35,endoderm,LOC105441402
5.213599496567017e-32,0.3231867455611467,0.707,0.418,1.1377638181358201e-27,endoderm,LOC105438237
1.404546184905065e-25,0.2520879847881655,0.315,0.122,3.0651411393183233e-21,endoderm,LOC105440761
4.1245441093385885e-25,0.5006258510283091,0.451,0.236,9.000992609809602e-21,endoderm,LOC100892641
1.610756515505631e-22,0.3109087908022268,0.856,0.66,3.515153943787939e-18,endoderm,LOC100888863
2.0584375029224796e-18,0.2581486214608102,0.986,0.938,4.4921281626277274e-14,endoderm,LOC575259
0,2.325486231891629,0.798,0.028,0,skeletal,LOC575151
0,2.3075332146300176,0.992,0.121,0,skeletal,LOC105438574
0,1.7518498425460927,0.976,0.102,0,skeletal,delta
0,1.677565375558287,0.956,0.073,0,skeletal,LOC585895
0,0.9508432159725562,0.595,0.018,0,skeletal,LOC577883
5.500678865995264e-292,1.0209722353548703,0.496,0.01,1.2004131489261465e-287,skeletal,SpP19L
2.210717379347259e-285,0.9333067020804838,0.619,0.029,4.8244485369495235e-281,skeletal,LOC580060
4.4082691092676774e-284,1.055115574701829,0.56,0.02,9.620165677154852e-280,skeletal,LOC575267
1.1378681430531884e-255,1.816082508176459,0.976,0.176,2.483169648584973e-251,skeletal,LOC574860
1.7911931437022535e-245,0.7032763012407213,0.516,0.02,3.908920797501428e-241,skeletal,wnt1
1.4468346651780478e-242,1.1307983606741048,0.821,0.098,3.157427289818054e-238,skeletal,LOC105439885
1.4403584096596078e-220,1.6022974372521865,0.893,0.145,3.143294157400162e-216,skeletal,LOC590448
1.2057724674615298e-217,0.5896530321192421,0.405,0.011,2.6313572557412964e-213,skeletal,LOC583049
1.2524291301483385e-200,1.279723728583493,0.845,0.147,2.7331760907227193e-196,skeletal,LOC105447187
1.956628478976061e-192,2.251039198057484,1,0.311,4.2699503296694586e-188,skeletal,Alx1
4.403613750075811e-192,0.6919117991613282,0.381,0.013,9.610006286790443e-188,skeletal,LOC752530
3.2645078226797487e-184,2.425944738908303,0.996,0.377,7.124135421434015e-180,skeletal,LOC593520
3.184028775398013e-179,1.4337320739185075,0.722,0.112,6.948505996551084e-175,skeletal,LOC105440838
2.812129087160664e-175,1.9857288576288963,0.996,0.33,6.136909306910716e-171,skeletal,LOC373243
1.136430859174568e-168,1.7270135606593549,0.984,0.346,2.4800330639766596e-164,skeletal,blimp1/krox
2.800596574250965e-167,1.4366355382927989,0.889,0.242,6.11174190398788e-163,skeletal,LOC579838
5.544613841352544e-163,1.6041983234766597,0.952,0.271,1.2100010785983657e-158,skeletal,LOC100891660
6.066301140125676e-151,0.2860460552490721,0.234,0.002,1.3238488978096263e-146,skeletal,LOC100890511
3.0168317641255795e-148,0.5101896164448994,0.286,0.008,6.583631958851252e-144,skeletal,LOC754487
1.117490297437926e-142,1.1256483457701494,0.817,0.211,2.438699076098786e-138,skeletal,LOC755020
1.0073549257320126e-135,0.3912091461166106,0.222,0.003,2.198350654424971e-131,skeletal,LOC579194
3.3954860619931533e-134,0.6642919034970908,0.627,0.1,7.409969233087658e-130,skeletal,LOC105444259
5.892641673155271e-134,0.6944000604607089,0.536,0.07,1.2859511923326749e-129,skeletal,PMAR1
8.446359225690338e-129,0.3177726866185522,0.206,0.003,1.8432489738224025e-124,skeletal,LOC100892279
3.0813428345542518e-111,0.4523205385864887,0.282,0.016,6.724414467847744e-107,skeletal,dri
1.0956781427160617e-110,1.0988865157057361,0.718,0.2,2.3910984108492615e-106,skeletal,LOC576570
1.9521441849990515e-108,0.8057803613178047,0.583,0.115,4.26016425492343e-104,skeletal,LOC575628
1.4110048846708634e-104,0.4138679599513794,0.302,0.022,3.0792359598172255e-100,skeletal,LOC105445898
1.561642291049743e-100,0.5474274927002206,0.397,0.049,3.407971971757854e-96,skeletal,LOC593175
7.529788557885954e-90,1.110858825016242,0.877,0.521,1.643225756987452e-85,skeletal,LOC584322
3.856119659613633e-85,0.6240385205778938,0.448,0.081,8.415209933174831e-81,skeletal,LOC100893770
5.429035139079834e-85,0.3299697563930565,0.234,0.016,1.1847783384013923e-80,skeletal,LOC100892796
2.8844590522171204e-78,0.26427776650839885,0.155,0.005,6.294754989653422e-74,skeletal,LOC105437261
1.5461609890710364e-67,0.3988740226898435,0.302,0.04,3.374187126449723e-63,skeletal,LOC100890824
2.0172789061882486e-67,0.6193263486456815,0.683,0.229,4.402307756974615e-63,skeletal,Hbox7
1.3356315286761975e-66,0.5180967437541577,0.433,0.093,2.9147486850300657e-62,skeletal,LOC100048987
1.9179251038395005e-66,0.4303255822840814,0.206,0.017,4.185487954108942e-62,skeletal,LOC373518
1.4525033717171693e-65,0.2944730257045064,0.25,0.028,3.169798108098379e-61,skeletal,LOC575309
3.362110811765863e-63,0.5225677275786683,0.329,0.054,7.337134424516643e-59,skeletal,LOC105445520
1.8848896678739467e-62,0.7948217632214247,0.77,0.432,4.113394722201314e-58,skeletal,LOC752296
2.5196031487178223e-62,0.5447622158209359,0.484,0.13,5.4985299514469036e-58,skeletal,LOC585040
1.2509561722835887e-61,0.29391478423004713,1,1,2.7299616547744755e-57,skeletal,LOC575449
2.262529458301305e-59,0.2811888726051053,0.27,0.035,4.9375180368509376e-55,skeletal,Nanos2
7.574066498315072e-58,0.49132694802206284,0.417,0.101,1.6528885319272981e-53,skeletal,LOC105439260
1.7383709722558617e-57,0.7141823955925932,0.563,0.196,3.793646972753967e-53,skeletal,LOC105447505
3.284820679783595e-56,0.4253972083430084,0.456,0.121,7.16846416949174e-52,skeletal,Wnt8
3.30019417432335e-55,0.4273145146330197,1,0.996,7.202013746625846e-51,skeletal,LOC578693
1.8267879403811686e-53,0.34290633744960797,0.278,0.045,3.986599322293824e-49,skeletal,LOC105443290
3.684976700705894e-52,0.35061147401549286,1,0.999,8.041724653950472e-48,skeletal,LOC575965
3.6212753985354164e-51,0.4582705300607822,0.381,0.093,7.902709302223839e-47,skeletal,LOC105439261
1.9960599803357573e-50,0.6255345223662814,0.595,0.256,4.356001695086723e-46,skeletal,LOC765036
6.117066577772896e-47,0.7092289713523823,0.837,0.487,1.3349274392673792e-42,skeletal,LOC576715
4.7689984100508704e-43,0.5843710258454875,0.563,0.248,1.0407385230254015e-38,skeletal,LOC100893226
6.4838886995568545e-43,0.530444468903193,0.679,0.373,1.4149790309042924e-38,skeletal,LOC591120
6.974927108689151e-40,0.6561396240114049,0.817,0.676,1.5221383429292336e-35,skeletal,LOC105445187
8.837883501577569e-40,0.3828984918327089,0.325,0.082,1.9286913165492728e-35,skeletal,LOC105441502
1.4932633152746513e-39,0.5368353752576263,0.952,0.898,3.258748532923871e-35,skeletal,LOC100888674
4.151399344652888e-39,0.3221182995298926,0.262,0.054,9.059598789835997e-35,skeletal,LOC105445781
1.1410167216293385e-38,0.5830632717951821,0.837,0.625,2.4900407916117053e-34,skeletal,LOC752601
5.235282038306664e-38,0.4474816982619081,0.385,0.124,1.1424955992196633e-33,skeletal,LOC100892930
1.2917115600312352e-37,1.3029727761964986,0.444,0.174,2.8189021374561646e-33,skeletal,LOC100892571
7.672728274641278e-37,0.4671565686176219,0.484,0.209,1.6744194913749662e-32,skeletal,ets1
2.0557558828564857e-36,0.31767155598317975,0.298,0.075,4.486276063157709e-32,skeletal,LOC579421
2.119760360652706e-36,0.8399232313172728,0.806,0.665,4.6259530350524006e-32,skeletal,LOC586069
1.2344849533273975e-35,0.42984718478105965,0.972,0.94,2.6940165136463796e-31,skeletal,LOC105447194
1.6369737472760957e-34,0.47281596483139243,0.738,0.514,3.5723678086806236e-30,skeletal,LOC373246
1.705319571947891e-34,0.4867871295673714,0.675,0.428,3.721518901861882e-30,skeletal,LOC574601
7.353343217757626e-34,0.40702665595184323,0.401,0.135,1.6047200904112467e-29,skeletal,LOC575412
4.752426047099332e-33,0.26151767076276156,0.238,0.053,1.0371219362584871e-28,skeletal,LOC764357
6.188617390449949e-33,0.5277289198809534,0.52,0.261,1.3505419731178923e-28,skeletal,LOC579231
1.8567451259105347e-32,0.4391757685665938,0.913,0.843,4.05197488827456e-28,skeletal,LOC577852
5.124753805698497e-32,0.5184127629635595,0.353,0.113,1.118375023017583e-27,skeletal,LOC577782
1.3943715630687577e-31,0.46501892275602236,0.556,0.294,3.0429370620849498e-27,skeletal,LOC582795
7.336575467103589e-31,0.36994343240747596,0.353,0.121,1.6010608641860162e-26,skeletal,LOC105439514
1.1013341267557589e-30,0.4663689761497334,0.901,0.808,2.4034414648190925e-26,skeletal,LOC578469
4.7023523945147286e-30,0.2585822977690707,0.258,0.065,1.0261943630549492e-25,skeletal,LOC585718
7.184519071178336e-30,0.3364261446486973,0.262,0.067,1.5678775969032483e-25,skeletal,LOC105441503
1.0955000084210044e-29,0.4491716065330832,0.698,0.488,2.390709668377158e-25,skeletal,rps15a
3.4720243404866768e-28,0.4414383043772136,0.659,0.434,7.576998718244074e-24,skeletal,LOC578151
5.8945005839281255e-28,0.30597487707701443,0.226,0.056,1.2863568624306349e-23,skeletal,LOC575826
8.027439646370246e-28,0.4361460127378501,0.651,0.429,1.7518281540273788e-23,skeletal,LOC591582
3.1308425067256336e-26,0.4605548891699346,0.429,0.202,6.83243760242735e-22,skeletal,LOC576833
5.946925773933155e-26,0.42634694980843335,0.361,0.145,1.2977976116454324e-21,skeletal,LOC593355
6.244693749290064e-26,0.4116822838509847,0.71,0.524,1.3627795169075706e-21,skeletal,LOC579026
2.271718533372945e-25,0.421813715869909,0.619,0.411,4.957571355379777e-21,skeletal,LOC105436651
6.1214964927734925e-25,0.49866634969773144,0.595,0.396,1.3358941796179593e-20,skeletal,LOC752135
6.222557231343004e-25,0.533650979081328,0.635,0.383,1.3579486645959837e-20,skeletal,LOC100890901
1.3577939485058319e-24,0.3849214864629522,0.687,0.499,2.963113733824277e-20,skeletal,LOC576654
2.0302097403930395e-24,0.3189949366103164,1,0.992,4.43052671645973e-20,skeletal,LOC100888257
5.694951082485267e-24,1.1912874240568478,0.452,0.243,1.24280917473076e-19,skeletal,LOC100892641
7.039804411618279e-23,0.4497894810550745,0.544,0.338,1.536296516747457e-18,skeletal,LOC576641
8.811377582374983e-23,0.4537474040564743,0.746,0.589,1.9229069298016924e-18,skeletal,LOC582205
7.282434959984e-22,0.26519485148055977,0.988,0.989,1.5892457813173082e-17,skeletal,SLBP
1.3073143678072244e-21,0.29484342585588097,1,1,2.852952144865706e-17,skeletal,LOC578691
1.3514131543509316e-21,0.365426304393715,0.516,0.306,2.949188926740038e-17,skeletal,LOC581196
1.8576731362308668e-21,0.4048708977956029,0.667,0.498,4.0540000851966205e-17,skeletal,LOC577982
2.4013608073647623e-21,0.36595512495704585,0.817,0.695,5.240489689912121e-17,skeletal,LOC105445861
1.256552028175575e-20,0.5522398964865844,0.5,0.308,2.7421734910875573e-16,skeletal,LOC105440575
2.0875902876278666e-20,0.35881865129970403,0.337,0.146,4.555748284690293e-16,skeletal,LOC578304
2.984733892937082e-20,0.2985618546391307,0.464,0.254,6.513584774556594e-16,skeletal,LOC755970
3.4499602493444356e-20,0.2642327632372701,0.984,0.992,7.528848252144362e-16,skeletal,LOC578215
6.190586694391324e-20,0.2816904428044933,0.258,0.092,1.3509717343170186e-15,skeletal,LOC575008
1.465255103367852e-19,0.3620595401088217,0.766,0.689,3.1976262120796635e-15,skeletal,LOC586345
2.4877182757995627e-19,0.3318268670164849,0.806,0.755,5.428947593277385e-15,skeletal,LOC577697
2.8360207596605425e-19,0.29066421050338276,0.361,0.154,6.1890481038072015e-15,skeletal,LOC584138
5.60762830421366e-19,0.3330674480167013,0.738,0.613,1.2237527248285471e-14,skeletal,LOC576611
6.8077157164534015e-19,0.3761489521655418,0.639,0.525,1.485647800801626e-14,skeletal,LOC592626
8.191279782189068e-19,0.34204682174887013,0.44,0.252,1.7875829868671202e-14,skeletal,LOC100893407
1.0462729205786549e-18,0.36854915573412445,0.452,0.269,2.2832813945787986e-14,skeletal,Nfe2
1.1344087092089855e-18,0.3937696424667327,0.464,0.288,2.475620126106769e-14,skeletal,LOC591980
2.0262579705787352e-18,0.2873103858586139,0.353,0.165,4.4219027691939736e-14,skeletal,LOC592098
4.135131037598913e-18,0.3132825127795684,0.917,0.904,9.024096463352108e-14,skeletal,LOC753380
1.0569662095578481e-17,0.3938021219546185,0.619,0.502,2.306617359118092e-13,skeletal,LOC574970
1.0575640391454237e-17,0.4457468699213424,0.746,0.686,2.307922002627058e-13,skeletal,LOC752471
4.8958067323841685e-17,0.3135989255845141,0.766,0.716,1.0684119032081972e-12,skeletal,LOC100890540
7.194353958404858e-17,0.3115337743794748,0.964,0.957,1.570023864342692e-12,skeletal,LOC575018
2.355149454640157e-16,0.30625632057359053,0.829,0.786,5.1396426548612145e-12,skeletal,LOC105445164
3.1277971248219475e-16,0.34856082578098047,0.587,0.45,6.825791665498936e-12,skeletal,LOC578034
4.0662750416289277e-16,0.3547868584979119,0.623,0.493,8.873832023346809e-12,skeletal,LOC578276
4.2693998804350356e-16,0.32984303023819606,0.944,0.948,9.317111359073378e-12,skeletal,LOC588294
8.45188056068112e-16,0.358308809868253,0.742,0.653,1.844453894757441e-11,skeletal,LOC577815
1.3817186565487857e-15,0.2794663731677969,0.925,0.889,3.0153246241864154e-11,skeletal,LOC589555
1.7786745060790684e-15,0.303794409355444,0.845,0.809,3.8816013746163506e-11,skeletal,LOC588193
3.450107436343186e-15,0.3704409296154172,0.833,0.774,7.529169458331735e-11,skeletal,LOC574665
4.885795290981232e-15,0.2504883431500404,0.976,0.987,1.0662271063508341e-10,skeletal,LOC590067
6.688662511725093e-15,0.27241017669397427,0.345,0.183,1.459666819933767e-10,skeletal,LOC574833
7.30744066887792e-15,0.33671634371693226,0.405,0.244,1.5947027771692286e-10,skeletal,LOC582611
7.776572094151693e-15,0.33190879692195696,0.575,0.426,1.697081328106724e-10,skeletal,LOC577398
1.0265215202774457e-14,0.34985478427213657,0.726,0.685,2.2401779137014698e-10,skeletal,LOC581850
1.296119503831246e-14,0.2978886568216735,0.476,0.317,2.828521593210928e-10,skeletal,LOC586110
2.1180691436838318e-14,0.2902767325247344,0.905,0.852,4.622262292261226e-10,skeletal,LOC580437
2.4734521477410516e-14,0.39117784216146434,0.599,0.47,5.397814622015297e-10,skeletal,LOC578637
2.8301776224693923e-14,0.32314221144258953,0.556,0.418,6.176296625514955e-10,skeletal,LOC582130
2.9008423524810613e-14,0.31639660479050496,0.556,0.42,6.33050826581942e-10,skeletal,LOC591328
3.630848254614571e-14,0.41209791967257925,0.492,0.349,7.923600146045378e-10,skeletal,LOC586768
4.488106052004749e-14,0.2983886532798605,0.611,0.491,9.794393837289964e-10,skeletal,LOC584662
7.28864455095257e-14,0.2687342718145149,0.937,0.965,1.5906009003543792e-9,skeletal,LOC582174
7.358267156205971e-14,0.34400498735159896,0.56,0.445,1.6057946414988292e-9,skeletal,LOC589961
8.042692524449933e-14,0.28520132880640964,0.575,0.437,1.7551567896107089e-9,skeletal,LOC577040
9.782330724917921e-14,0.288889226223918,0.877,0.877,2.1347980340988377e-9,skeletal,LOC100888691
9.930789765352754e-14,0.3182462197621848,0.623,0.51,2.1671962504929316e-9,skeletal,LOC589574
1.1276885992711718e-13,0.361591846541927,0.639,0.549,2.460954830189478e-9,skeletal,LOC105441189
1.858189392402914e-13,0.3145204834954771,0.48,0.338,4.05512671104088e-9,skeletal,LOC591874
2.8816655689912696e-13,0.317521291100355,0.317,0.168,6.288658771209648e-9,skeletal,LOC581034
2.96960006665061e-13,0.2640732911829262,0.885,0.893,6.480558225451625e-9,skeletal,LOC591735
3.269506074240031e-13,0.32856039224140865,0.583,0.488,7.135043105814019e-9,skeletal,LOC577393
6.272813151396936e-13,0.2740631909216251,0.873,0.884,1.3689160140293532e-8,skeletal,LOC587526
1.604695226348706e-12,0.2897369726342135,0.476,0.337,3.501926392460781e-8,skeletal,LOC578275
2.487304961792696e-12,0.3174142001143582,0.52,0.405,5.4280456181202006e-8,skeletal,LOC764368
3.1574298060854043e-12,0.31614642810849114,0.766,0.712,6.890459065820178e-8,skeletal,LOC578897
3.4739797564091844e-12,0.31079848863728166,0.607,0.546,7.581266022411763e-8,skeletal,LOC580864
3.755448085733523e-12,0.2612258418348248,0.698,0.613,8.195514357496268e-8,skeletal,LOC373382
1.0734126963150305e-11,0.37397362603514334,0.567,0.478,2.342508527168291e-7,skeletal,LOC577832
1.5780103732222773e-11,0.2647607965729084,0.766,0.743,3.4436920374829757e-7,skeletal,LOC576546
2.6660887052954784e-11,0.2741440797111019,0.611,0.508,5.818205381566322e-7,skeletal,LOC755086
3.462019383343852e-11,0.29264504354521453,0.504,0.394,7.555164900271288e-7,skeletal,LOC753129
4.5930650219785304e-11,0.3145532566656106,0.889,0.903,1.0023445797463747e-6,skeletal,LOC581835
4.862380157959058e-11,0.3078413791184198,0.611,0.51,1.0611172218714053e-6,skeletal,LOC582822
7.580517874012225e-11,0.31123648821326944,0.639,0.576,1.6542964156456877e-6,skeletal,LOC100893012
1.2284634789936358e-10,0.30243001905760997,0.401,0.275,2.6808758502078114e-6,skeletal,LOC594653
1.3486283559842526e-10,0.3799342405080943,0.579,0.497,2.9431116612644345e-6,skeletal,LOC590481
1.7524537117772887e-10,0.25366571649243896,0.575,0.483,3.824379735211577e-6,skeletal,LOC579300
4.582538694926515e-10,0.2527661554875225,0.484,0.375,1.0000474193938133e-5,skeletal,LOC583063
5.198669132693185e-10,0.3164283348162099,0.496,0.395,1.1345055648276339e-5,skeletal,LOC578696
7.574444563562877e-10,0.2763806511019026,0.742,0.712,1.6529710371063267e-5,skeletal,LOC583818
1.688847918044075e-9,0.28765865179075256,0.54,0.463,3.685572811547585e-5,skeletal,LOC578794
1.983152626944431e-9,0.2690622068718691,0.738,0.72,4.3278339777808314e-5,skeletal,LOC575808
2.1269246066158846e-9,0.2738386677064378,0.552,0.465,4.6415875690178446e-5,skeletal,LOC587430
2.5263992921787733e-9,0.25723061370874867,0.782,0.784,5.513361175321737e-5,skeletal,LOC581322
2.559477280495705e-9,0.26276360056572434,0.341,0.23,5.585547269225777e-5,skeletal,LOC584069
2.615880697605487e-9,0.2857559041699804,0.71,0.691,5.708636446384454e-5,skeletal,LOC100889692
4.333130522647073e-9,0.2553527795548951,0.607,0.565,9.456190739572707e-5,skeletal,LOC765039
4.857351806726758e-9,0.2502795279932539,0.73,0.726,1.0600198847819805e-4,skeletal,LOC589717
3.915071670916871e-8,0.26457349996211565,0.607,0.574,8.543860907441888e-4,skeletal,LOC579031
5.106747693302565e-8,0.2692060911225893,0.762,0.778,0.0011144455491094187,skeletal,LOC594218
6.566587901809017e-8,0.26416802676468654,0.746,0.771,0.001433026477811782,skeletal,LOC752174
8.937890826253378e-8,0.3102726960891909,0.373,0.286,0.0019505159150132747,skeletal,LOC586389
1.3310379128509875e-7,0.25481085968921247,0.524,0.465,0.00290472403721471,skeletal,LOC100891322
3.1045279376698854e-7,0.26164611249719016,0.635,0.628,0.006775011318376991,skeletal,LOC576964
8.508064234908001e-7,0.2525787821391767,0.337,0.247,0.01856714857983973,skeletal,LOC100891963
1.4629969264898803e-6,0.28428919648219375,0.528,0.478,0.03192698192678866,skeletal,LOC100893636
1.9038214625055777e-6,0.2574594293757819,0.544,0.515,0.04154709577625922,skeletal,LOC588058
4.052173881909521e-6,0.2525561890440235,0.516,0.494,0.08843059062491147,skeletal,LOC578409
3.318027060869408e-5,0.26112907521161666,0.54,0.54,0.7240930454935309,skeletal,LOC580113
1.7038787325064268e-4,0.2991715601225398,0.468,0.464,1,skeletal,LOC105443369
1.5090076255310357e-169,0.4190219724412687,0.996,0.989,3.2931073411963793e-165,transient,rab11
1.1216102114413836e-155,0.374693765781168,1,0.993,2.4476899644285315e-151,transient,LOC589170
1.0119734309689268e-154,0.6433800322054379,1,1,2.208429618403489e-150,transient,LOC105440217
3.777963197801332e-142,0.5190781070342487,0.865,0.372,8.244649086561847e-138,transient,eve
1.1692078346843119e-135,0.5178411365087451,0.927,0.777,2.5515622576315737e-131,transient,LOC576350
3.6643494383080263e-131,0.6506687220590246,0.976,0.981,7.996709779219606e-127,transient,LOC105440218
4.8865980184286425e-130,0.9528797538541358,0.902,0.804,1.0664022855616827e-125,transient,LOC105437105
1.0914907978107567e-129,0.27082861194077923,1,0.999,2.381960368062414e-125,transient,LOC100890169
1.8051509300840443e-120,0.3379401140952214,0.98,0.993,3.93938087472241e-116,transient,LOC581325
4.641373606592082e-115,0.37481630327115845,0.986,0.977,1.0128869621665902e-110,transient,LOC764715
2.7194968520759395e-109,0.3047791578845753,0.997,0.989,5.9347579802853225e-105,transient,LOC578215
2.0487721109897522e-105,0.42404817871411793,0.871,0.479,4.4710353778129364e-101,transient,LOC100889188
4.3970263293470826e-100,0.3806120196561259,0.629,0.277,9.595630558534138e-96,transient,LOC575482
4.339786253047172e-97,0.36754317390690594,0.955,0.924,9.470715540024843e-93,transient,LOC373525
3.1538637394287047e-96,0.39629355438534586,0.663,0.28,6.882676838555263e-92,transient,LOC100890901
8.711702788223244e-94,0.4890577112976704,0.982,0.994,1.9011548994739588e-89,transient,LOC752088
2.8598776192910954e-90,0.32176279761508497,0.975,0.955,6.2411109285789576e-86,transient,LOC105445719
4.541328506264326e-90,0.40951267700507654,0.896,0.785,9.910541199220638e-86,transient,LOC100893681
5.130740144133386e-88,0.2881613817648838,0.987,0.974,1.1196814216542288e-83,transient,LOC577878
1.0146987152695049e-79,0.34781441255011764,0.754,0.442,2.2143770063326406e-75,transient,LOC579222
1.4525645759274598e-79,0.3237788560656183,0.952,0.932,3.1699316740464956e-75,transient,LOC576259
6.076201751962393e-79,0.33631853581669147,0.663,0.346,1.3260095083307531e-74,transient,Tcf/Lef
1.1626127669522473e-75,0.46133488216909857,0.923,0.878,2.5371698413198894e-71,transient,LOC754440
1.229711156412772e-73,0.34064400182105004,0.752,0.466,2.683598656639592e-69,transient,LOC592776
8.206886219261133e-70,0.9294300005781486,0.939,0.904,1.790988779629357e-65,transient,LOC105440220
2.1269509496295694e-69,0.26688789750958786,0.548,0.243,4.641645057376609e-65,transient,LOC578121
2.2348095268064595e-69,0.36477722837911475,0.906,0.72,4.8770248303497366e-65,transient,LOC574665
2.1187149459038036e-68,0.3312376856196062,0.893,0.788,4.623671626445871e-64,transient,LOC579862
2.164096472438643e-66,0.331230263599805,0.727,0.441,4.722707731802851e-62,transient,LOC586893
1.8386788340797716e-64,0.32203924340665874,0.742,0.476,4.0125488196122856e-60,transient,LOC576912
2.84078033744365e-60,0.2940100200440088,0.914,0.78,6.199434930403277e-56,transient,LOC574714
5.466455273280138e-60,0.290052336251702,0.955,0.88,1.1929445342879244e-55,transient,LOC580133
4.210356736673791e-56,0.3065366287805749,0.709,0.448,9.188261506443214e-52,transient,LOC577610
8.366329249904134e-54,0.2712412311217013,0.557,0.293,1.8257840322065792e-49,transient,LOC590168
3.5982990617350074e-53,0.2763035060892506,0.804,0.569,7.852568042424306e-49,transient,LOC580595
7.662627400837746e-52,0.2611324631740436,0.629,0.374,1.6722151776848212e-47,transient,LOC100887857
1.323626313537525e-50,0.2580977098750899,0.667,0.4,2.8885497040329406e-46,transient,LOC100888782
1.1371591209903535e-49,0.2682845191601989,0.908,0.78,2.4816223497372485e-45,transient,LOC593505
2.1825979428124922e-49,0.2529829431763375,0.927,0.903,4.7630834905997015e-45,transient,LOC591417
3.3713660473044876e-49,0.26968697882834936,0.702,0.454,7.357332125032583e-45,transient,LOC100888705
2.086189745789599e-48,0.2873750499338378,0.754,0.544,4.552691882236642e-44,transient,LOC580591
3.7300649515597857e-48,0.3822365895741795,0.84,0.683,8.14012074378892e-44,transient,LOC100889374
4.963813522014012e-48,0.2683059259057931,0.707,0.459,1.0832530249091179e-43,transient,LOC762871
4.845908158697915e-47,0.2672887607699814,0.792,0.587,1.0575225374726461e-42,transient,LOC100888374
1.023995378485265e-46,0.2547492681722895,0.823,0.628,2.2346651144683937e-42,transient,LOC577819
4.2168320813396434e-45,0.2660134308622466,0.771,0.553,9.202392651107504e-41,transient,LOC576611
2.394177894578713e-34,0.8636603332881614,0.887,0.838,5.224814419339126e-30,transient,LOC754479
7.689054800831386e-6,0.48647430610550274,0.164,0.114,0.16779824291854334,transient,LOC100888091
5.518750589071772e-9,0.8105900197051373,0.722,0.195,1.2043569410531329e-4,germline,LOC590448
8.790202101632002e-8,0.34547096038734204,0.333,0.054,0.0019182858046391518,germline,LOC105442844
1.0042290900119872e-7,0.28537782673440387,0.389,0.067,0.0021915291431331596,germline,LOC105445781
1.1960324021516555e-7,0.4267502222777382,0.556,0.135,0.002610101511215558,germline,LOC105444259
1.8778797051493143e-7,0.3425225309477513,0.667,0.18,0.0040980968805473484,germline,LOC105438574
3.073636226674082e-7,0.5925119638229148,0.556,0.133,0.00670759633747085,germline,LOC585895
3.088146673043065e-7,0.9587971490727958,0.833,0.357,0.006739262484581881,germline,Alx1
9.334668473871478e-7,1.0113003764658557,0.889,0.375,0.020371047010529726,germline,LOC373243
1.5293651716712256e-6,0.2714796852439962,0.278,0.045,0.033375336141381155,germline,LOC580382
2.4131971163466975e-6,0.6256272952175099,0.5,0.128,0.05266320067003398,germline,LOC100888091
8.878180734684906e-6,0.25157763820022183,0.222,0.035,0.1937485381730287,germline,LOC584312
1.709827486326311e-5,0.36004756727964426,0.556,0.161,0.37313565234099083,germline,delta
1.84752696069648e-5,0.25062335388083384,0.556,0.166,0.40318580863279285,germline,LOC587414
2.031110139698702e-5,0.26145215162396857,0.222,0.036,0.44324916578644774,germline,LOC579706
2.734510321769461e-5,0.793740814828661,0.722,0.316,0.5967521875197495,germline,LOC100891660
6.420268904683275e-5,0.453790387402382,0.889,0.508,1,germline,LOC577982
6.488242690441866e-5,0.3984192855044387,0.5,0.185,1,germline,LOC100888891
7.75864200384389e-5,0.7736862168713077,0.778,0.389,1,germline,blimp1/krox
1.2331164701014818e-4,0.3933305270260403,0.944,0.637,1,germline,LOC100892368
2.1588320886094502e-4,0.40686433219995094,0.611,0.272,1,germline,LOC100893604
2.2358868504972538e-4,0.28756086204539066,1,1,1,germline,LOC588512
2.361872683378518e-4,0.2638946401199648,0.611,0.23,1,germline,LOC574860
3.0505706803393766e-4,0.3911980014912415,0.944,0.773,1,germline,LOC593041
3.9794996098798134e-4,0.40373108100431987,0.778,0.497,1,germline,LOC576658
4.1646845760933543e-4,0.321961182329074,0.611,0.288,1,germline,LOC590636
4.8361740642619894e-4,0.3360278046296098,0.444,0.162,1,germline,LOC594452
5.507066952614271e-4,0.4027383781608991,1,0.6,1,germline,LOC100889188
5.621055228110809e-4,0.2529941041941748,0.556,0.225,1,germline,LOC577890
6.829344052626366e-4,0.455607921248977,0.5,0.194,1,germline,LOC105447187
7.551759243863445e-4,0.28353859226731293,0.611,0.282,1,germline,LOC105437263
7.947141055815685e-4,0.4394692189460758,0.944,0.891,1,germline,LOC589555
8.91669618673267e-4,0.35428526575797514,0.722,0.413,1,germline,LOC576413
0.0011443369597669071,0.2843417105040964,1,0.999,1,germline,LOC593337
0.0012658855179976962,0.3090831836535364,1,0.948,1,germline,LOC575207
0.0015523668435436623,0.4555420082684998,0.944,0.524,1,germline,eve
0.0019224648775774725,0.29042711604230265,1,0.98,1,germline,LOC578784
0.002360586759144614,0.28997418775060546,1,0.904,1,germline,LOC753380
0.0025092730962962347,0.33497225038708334,1,0.914,1,germline,LOC583044
0.0029815104383756966,0.3536477835714176,0.667,0.419,1,germline,LOC593520
0.0030411308702778363,0.4493456734673192,0.5,0.221,1,germline,LOC105447505
0.0034317045585882224,0.30096270269063696,0.611,0.366,1,germline,LOC105441444
0.0038559939934891614,0.39794614216903823,0.722,0.48,1,germline,LOC100893636
0.004057930439498166,0.40082266748030093,0.778,0.505,1,germline,LOC580148
0.004467365944604261,0.27922816647114207,0.611,0.361,1,germline,LOC583889
0.0048493195612378795,0.34923871574304277,0.944,0.883,1,germline,LOC577670
0.0049334462237879345,0.26288347713620575,0.222,0.065,1,germline,LOC100888046
0.005567919299829371,0.2674441551679849,0.889,0.708,1,germline,LOC593950
0.005591909800570194,0.31917702033504236,1,0.911,1,germline,LOC578228
0.006314802770587594,0.29060622835655003,0.5,0.265,1,germline,LOC756222
0.006632121140965054,0.2655996520828543,1,0.992,1,germline,LOC576685
0.007497547370681958,0.33440120993358713,0.833,0.714,1,germline,LOC583818
0.007693437598319496,0.252931163048842,1,0.967,1,germline,LOC586281
0.007928733695987516,0.32665765236110056,0.778,0.603,1,germline,LOC756859
0.008981269313022124,0.2556537026309099,0.444,0.213,1,germline,LOC589201
0.008984425946325592,0.34473070473495293,0.389,0.182,1,germline,rps14
0.009602082073219248,0.5442143123805576,0.667,0.399,1,germline,LOC100890901
0.009603895333215857,0.27128982162815396,0.611,0.407,1,germline,LOC593730
0.009771143634604929,0.3659354688681663,0.333,0.144,1,germline,Wnt8
0.009879211216808424,0.33805092257849534,0.833,0.695,1,germline,LOC582155
6.743180955786446e-6,0.45725600411937617,0.667,0.297,0.1471564379981276,aboral-ectoderm,LOC583098
4.431746745767741e-5,0.4838440846069958,1,0.87,0.9671400923288941,aboral-ectoderm,LOC576170
1.5840095762791916e-4,0.37641241470573267,0.458,0.186,1,aboral-ectoderm,LOC105438113
1.6652388778280215e-4,0.2554475666648437,0.542,0.232,1,aboral-ectoderm,LOC592649
2.1666770309118489e-4,0.2718974858065854,0.583,0.279,1,aboral-ectoderm,LOC105444644
2.1902843824344893e-4,0.3429656332932083,1,0.959,1,aboral-ectoderm,LOC576138
2.29189794122376e-4,0.3628413586743049,0.833,0.58,1,aboral-ectoderm,LOC100892559
3.666900633482877e-4,0.28641704920457295,0.5,0.236,1,aboral-ectoderm,LOC105443428
4.2777989594957634e-4,0.4475015716307347,0.667,0.479,1,aboral-ectoderm,LOC751836
4.336395156828896e-4,0.2970668478575367,0.417,0.177,1,aboral-ectoderm,LOC579256
8.983796744602496e-4,0.2760695190693656,0.458,0.214,1,aboral-ectoderm,LOC756678
0.0010248402117200178,0.30199519053198554,0.917,0.732,1,aboral-ectoderm,LOC591783
0.001156197276750497,0.2643551991847631,0.625,0.365,1,aboral-ectoderm,LOC576147
0.0019084308832852837,0.2939357524788987,0.833,0.605,1,aboral-ectoderm,LOC592207
0.0019586384223284964,0.4721657229168723,0.875,0.759,1,aboral-ectoderm,LOC100890099
0.0021225292969370875,0.27964294729968187,0.875,0.755,1,aboral-ectoderm,LOC578919
0.0023161351203339195,0.3557543374985015,0.958,0.887,1,aboral-ectoderm,VEB4
0.0029278815492303724,0.2790726738987817,0.583,0.378,1,aboral-ectoderm,LOC100891680
0.0032125656394094686,0.2844182560998143,0.708,0.483,1,aboral-ectoderm,ano7
0.003473188272899447,0.40344097295454895,0.958,0.583,1,aboral-ectoderm,LOC576281
0.003928294988622162,0.26606805232470665,0.875,0.72,1,aboral-ectoderm,LOC752864
0.004309677460131906,0.2776072082716423,0.5,0.3,1,aboral-ectoderm,LOC582454
0.004424703694945041,0.266315331489751,0.542,0.315,1,aboral-ectoderm,LOC590327
0.0045208005573475684,0.2508308259268517,0.583,0.331,1,aboral-ectoderm,LOC576563
0.004531640820371425,0.2523222967019554,0.917,0.825,1,aboral-ectoderm,LOC593517
0.004917380240562671,0.34422100868644,0.792,0.576,1,aboral-ectoderm,LOC584154
0.005502487420840033,0.3572025612035425,0.625,0.433,1,aboral-ectoderm,LOC582001
0.005804608689361809,0.2837552512670476,0.875,0.738,1,aboral-ectoderm,LOC579414
0.005834491642212775,0.2702972993395235,1,0.811,1,aboral-ectoderm,LOC593561
0.0061530180476956665,0.25123930930310334,0.458,0.241,1,aboral-ectoderm,LOC752077
0.006736127434526894,0.2988679724669908,0.417,0.23,1,aboral-ectoderm,LOC585827
0.0073664737905820106,0.26761172283651213,0.833,0.732,1,aboral-ectoderm,LOC586872
0.007644548105311238,0.28192521887136146,0.958,0.969,1,aboral-ectoderm,LOC105436386
0.007710313570853406,0.29331056496625596,0.542,0.324,1,aboral-ectoderm,LOC100890646
0.008643885599992818,0.27979940050162333,0.833,0.701,1,aboral-ectoderm,LOC579629
4.827189870363689e-73,1.628072299135331,0.967,0.459,1.0534376454094678e-68,oral_ectoderm,LOC577374
1.572916034149047e-71,1.3424228411192665,0.583,0.117,3.432574661323465e-67,oral_ectoderm,LOC575348
5.046052482798543e-61,1.125385196627749,0.907,0.447,1.101200033321126e-56,oral_ectoderm,Not
5.076295017848404e-27,0.5606263518495975,0.993,0.93,1.107799861745057e-22,oral_ectoderm,LOC594743
2.1488943070111265e-25,0.48816287845078965,0.808,0.503,4.689532046190381e-21,oral_ectoderm,LOC576025
6.195786943060626e-24,0.5001837564401619,0.987,0.866,1.3521065845841204e-19,oral_ectoderm,LOC576170
8.114313506414207e-24,0.3214994904551842,1,0.998,1.7707866365047725e-19,oral_ectoderm,LOC580803
2.5353474351749513e-22,0.526294924269924,0.927,0.57,5.5328887077822965e-18,oral_ectoderm,LOC576281
5.085254566507317e-22,0.38196545355264444,1,0.963,1.1097551040488919e-17,oral_ectoderm,LOC575388
3.4365602343561025e-18,0.2628682882235831,0.291,0.087,7.499605399435322e-14,oral_ectoderm,CHRD
2.762583929236255e-17,0.33964579724719757,1,0.958,6.02878690877228e-13,oral_ectoderm,LOC576138
3.337197116856465e-15,0.29384800210493034,0.993,0.946,7.282765268115864e-11,oral_ectoderm,LOC576574
1.124153895364829e-14,0.3474490499507068,0.934,0.711,2.4532410458546663e-10,oral_ectoderm,LOC100892018
2.318258699774127e-14,0.30878173015681787,0.927,0.718,5.059135960517078e-10,oral_ectoderm,LOC585142
3.5349350856222375e-14,0.4070308857479473,0.901,0.713,7.714288837353409e-10,oral_ectoderm,LOC373245
5.4010070542608875e-14,0.3661554655313488,0.914,0.739,1.1786617694513534e-9,oral_ectoderm,LOC100890403
7.933209495831994e-14,0.3132233839962755,1,0.896,1.7312643082754162e-9,oral_ectoderm,LOC105438238
6.01983189983824e-13,0.39152412515510226,0.914,0.76,1.3137079155016991e-8,oral_ectoderm,LOC584119
1.1722045306677454e-12,0.25286698353936066,0.98,0.971,2.5581019472762207e-8,oral_ectoderm,LOC575250
1.2434901528160874e-12,0.33808551242523166,0.755,0.493,2.7136685604905475e-8,oral_ectoderm,LOC100893842
2.126998280887757e-12,0.30548401160972394,0.583,0.327,4.6417483483813516e-8,oral_ectoderm,LOC582531
1.0733597514671793e-11,0.26263037859732474,0.993,0.939,2.3423929856268254e-7,oral_ectoderm,LOC100893010
1.1101694332897456e-11,0.2653229485671704,0.974,0.817,2.422722754268212e-7,oral_ectoderm,LOC594820
1.2244509195259887e-11,0.4481347436311014,0.834,0.673,2.672119241681565e-7,oral_ectoderm,LOC100888863
3.675007050309524e-11,0.329388044112116,1,0.97,8.019967885890475e-7,oral_ectoderm,LOC752524
8.848733567662375e-11,0.31548815384137957,0.51,0.3,1.9310591264709603e-6,oral_ectoderm,LOC100889835
3.3092657913879676e-10,0.2629580366049322,0.371,0.182,7.221810736545962e-6,oral_ectoderm,ARS
3.3111762853170114e-10,0.29538583963152354,0.834,0.651,7.225980007447314e-6,oral_ectoderm,LOC588791
3.7323805104109685e-10,0.33862734422694707,0.689,0.489,8.145173987869856e-6,oral_ectoderm,LOC576824
8.395359396706493e-10,0.26385720184430883,0.98,0.907,1.832119281143258e-5,oral_ectoderm,LOC105440027
1.1014779653970427e-9,0.29499205693936836,0.841,0.692,2.4037553638859662e-5,oral_ectoderm,LOC580450
1.4815452391023256e-9,0.2606300234035701,0.702,0.479,3.2331761752930054e-5,oral_ectoderm,LOC592889
2.7637574292616572e-9,0.2703002540356074,0.974,0.845,6.0313478378777146e-5,oral_ectoderm,LOC575413
7.314431477585743e-9,0.2834458675042706,0.993,0.941,1.5962283813535365e-4,oral_ectoderm,LOC575259
7.687708419117384e-9,0.2561892039199732,0.51,0.32,1.6776886083039866e-4,oral_ectoderm,LOC575220
8.564025087979181e-9,0.40882109344334494,0.53,0.335,1.8689271949496965e-4,oral_ectoderm,LOC582642
6.445124155973422e-8,0.2620811222314281,0.596,0.401,0.00140651944455808,oral_ectoderm,EGF2
9.126474712456683e-8,0.25060032289262013,0.901,0.738,0.001991670576499422,oral_ectoderm,LOC100889104
5.344012206183058e-7,0.2714112516851004,0.834,0.686,0.011662237837553288,oral_ectoderm,LOC105438846
1.84602766351382e-6,0.35467311007943286,0.417,0.268,0.0402858617008621,oral_ectoderm,MMP14
1.021189538627321e-181,0.6892592371766368,0.997,0.824,2.2285419301464026e-177,ciliated_cells,LOC576170
1.1300400179427147e-127,0.565516425908666,0.923,0.457,2.466086331156386e-123,ciliated_cells,LOC576281
1.5729410847676129e-108,0.35336560430077135,1,0.971,3.432629329288362e-104,ciliated_cells,LOC575375
7.625132126055387e-101,0.3950518977180357,0.998,0.952,1.664032583869067e-96,ciliated_cells,LOC575388
6.84447277334712e-94,0.4281045339024643,0.995,0.91,1.4936692933275421e-89,ciliated_cells,LOC594743
3.842421380842151e-93,0.42731929931035784,0.994,0.865,8.385316179411826e-89,ciliated_cells,LOC105438238
4.690024376745794e-93,0.4498111844809285,0.902,0.661,1.0235040197372346e-88,ciliated_cells,LOC585142
4.018803064468519e-90,0.38862940930948775,0.964,0.77,8.770233927589648e-86,ciliated_cells,LOC594820
2.94037904879121e-87,0.3389403811149756,0.997,0.92,6.4167891981770576e-83,ciliated_cells,LOC100893010
7.924502251076055e-83,0.3594608907739523,0.524,0.215,1.7293641262523274e-78,ciliated_cells,LOC583098
2.0889806791702655e-77,0.45645011006944625,1,0.961,4.5587825361532705e-73,ciliated_cells,LOC752524
5.618862080905567e-73,0.3014531252434114,0.998,0.929,1.2262042719160218e-68,ciliated_cells,LOC576574
3.091893593850368e-72,0.33030895880530475,0.745,0.413,6.7474393898596585e-68,ciliated_cells,LOC100893842
1.3455694939900988e-65,0.3750365548229322,0.844,0.595,2.9364363067345924e-61,ciliated_cells,LOC752895
4.066228841493368e-57,0.389618006413631,0.888,0.72,8.873731200790977e-53,ciliated_cells,LOC584119
7.923004297428961e-56,0.269373070362668,0.997,0.945,1.729037227827922e-51,ciliated_cells,LOC576138
9.58863253809247e-56,0.31232223533791736,0.98,0.853,2.0925272787879198e-51,ciliated_cells,VEB4
1.2918556702908409e-55,0.35177970552281224,0.606,0.334,2.819216629275702e-51,ciliated_cells,EGF2
1.0597336651096957e-51,0.26906242992426377,0.508,0.248,2.312656777368889e-47,ciliated_cells,LOC105446336
5.17928349941916e-50,0.30468794573747915,0.926,0.787,1.1302750380782433e-45,ciliated_cells,LOC593517
1.3148777066305067e-48,0.299768149741637,0.884,0.694,2.8694576191797547e-44,ciliated_cells,LOC100890403
9.276395021065894e-48,0.2788463606537338,0.745,0.515,2.02438768544721e-43,ciliated_cells,LOC582848
2.509939003968172e-47,0.2920531693955275,0.815,0.631,5.477439888359742e-43,ciliated_cells,LOC100893349
1.8041196322160863e-45,0.26089938177340866,0.975,0.931,3.937130273385165e-41,ciliated_cells,LOC575259
4.52163273007541e-45,0.31526614910234474,0.956,0.863,9.867559106843567e-41,ciliated_cells,LOC588694
1.383154035932453e-44,0.2880638960283467,0.741,0.522,3.0184570526153924e-40,ciliated_cells,LOC100892559
1.328609326051509e-43,0.2766454848375465,0.86,0.668,2.899424132242208e-39,ciliated_cells,LOC100892018
1.2912045395024784e-42,0.2743121955350173,0.884,0.7,2.8177956665562585e-38,ciliated_cells,HE
2.241611300531029e-39,0.37062882809620956,0.827,0.624,4.8918683411488645e-35,ciliated_cells,LOC100888863
9.274255492313934e-39,0.261273016866161,0.89,0.763,2.02392077608767e-34,ciliated_cells,LOC100893190
4.808207030041143e-37,0.2692411657524787,0.825,0.65,1.0492950201658788e-32,ciliated_cells,LOC580450
5.774152416381733e-37,0.30600296506834934,0.872,0.718,1.2600932818269856e-32,ciliated_cells,LOC100890099
3.550101827889091e-33,0.25742078909045907,0.639,0.444,7.747387219002363e-29,ciliated_cells,LOC576824
3.021684333938946e-21,0.25737115194952387,0.595,0.437,6.594221721954962e-17,ciliated_cells,LOC577374
0,2.03109272098552,0.915,0.178,0,neural,foxq2
0,1.4300944175634964,0.83,0.118,0,neural,LOC583193
1.9583308713590924e-264,1.1860482817764475,0.979,0.614,4.273665460566947e-260,neural,LOC582578
3.215145539597151e-255,0.9328371158527877,0.848,0.241,7.016412111062863e-251,neural,LOC579936
6.7030816048406776e-195,0.4308891914008232,0.377,0.02,1.462813498624381e-190,neural,LOC583414
1.7103457950515447e-184,0.8173684390503189,0.798,0.338,3.7324876285409863e-180,neural,LOC575604
7.804297275788254e-167,0.8564543864398495,0.979,0.496,1.7031317944952707e-162,neural,LOC576281
5.229055001546772e-149,0.3996793335417885,0.352,0.033,1.141136672987552e-144,neural,LOC575572
6.798546669055017e-137,0.6510163064815606,0.979,0.789,1.4836468395878763e-132,neural,LOC594820
1.0564862566774804e-136,0.3698542900162656,0.359,0.042,2.3055699579472656e-132,neural,LOC577140
1.4567353185946596e-104,0.5099773504405765,0.605,0.236,3.1790334857691254e-100,neural,LOC100891101
1.7226871349019766e-90,0.38479136876965336,1,0.974,3.759420134496583e-86,neural,LOC575375
5.8458873992620006e-86,0.40278726635031936,0.997,0.928,1.2757480071409463e-81,neural,LOC100893010
3.962832887033245e-81,0.33395508145282315,0.432,0.134,8.648090209372651e-77,neural,LOC100890828
1.3397359546498914e-74,0.4004651678476723,0.968,0.894,2.923705773832458e-70,neural,Hlf
1.3778137455842674e-72,0.43679325027237526,1,0.842,3.0068029369885468e-68,neural,LOC576170
2.1522999644203614e-72,0.25951685415877596,0.323,0.076,4.696964212354555e-68,neural,LOC100890869
3.937679836944178e-69,0.4311395835350723,0.773,0.444,8.59319870816328e-65,neural,LOC100893842
7.210676278566939e-63,0.40089323614817607,0.992,0.92,1.573585884271663e-58,neural,LOC594743
3.961656703044548e-61,0.42503278124754484,0.874,0.616,8.645523423054117e-57,neural,LOC752895
3.49710823547479e-60,0.4508660995752205,0.967,0.871,7.631739302276634e-56,neural,LOC588694
1.7590667355187943e-58,0.45357118379461925,0.995,0.966,3.838811336922665e-54,neural,LOC752524
2.7895147205276554e-57,0.3102860079187151,0.998,0.991,6.087557974607502e-53,neural,LOC100888257
1.8088325811491138e-54,0.3726438150888629,0.973,0.896,3.947415341841711e-50,neural,LOC105440027
8.780455395385924e-54,0.3807002024970105,0.555,0.267,1.91615878093507e-49,neural,LOC105446336
1.0700516235260896e-50,0.31183755671654323,0.997,0.957,2.3351736580209853e-46,neural,LOC575388
2.9295653609052245e-50,0.3080341395702655,0.986,0.944,6.3931904871034714e-46,neural,LOC578575
1.1194131186946328e-44,0.3268338451910435,0.724,0.497,2.4428952489272973e-40,neural,FoxJ1
9.714106578212264e-44,0.3694703880444309,0.876,0.723,2.1199094785632626e-39,neural,HE
1.5396356489212273e-42,0.3389330870442906,0.477,0.239,3.3599468766407943e-38,neural,LOC586948
5.7001223930167785e-42,0.32873925530523107,0.926,0.803,1.2439377098280516e-37,neural,LOC593517
4.0801309077760075e-41,0.3220677408583954,0.853,0.691,8.904069680039581e-37,neural,LOC100892018
1.6195753929168545e-40,0.29564259859936776,0.535,0.293,3.5343993799624517e-36,neural,LOC582531
4.164816541454512e-40,0.32735765718055954,0.741,0.542,9.08887913841618e-36,neural,LOC582848
2.1836613226630637e-39,0.30907491095834083,0.968,0.885,4.765404104447604e-35,neural,LOC105438238
1.0438305717243486e-36,0.32389138986232724,0.803,0.627,2.277951456674046e-32,neural,LOC588791
2.5362258420327444e-35,0.33912328632992716,0.983,0.923,5.534805655068058e-31,neural,LOC578796
5.133656000015702e-35,0.2524223914721784,0.994,0.953,1.1203177488834267e-30,neural,LOC752118
6.864939292061006e-35,0.2918466743204131,0.88,0.716,1.4981357017064733e-30,neural,LOC100890403
1.109975126468271e-34,0.26602898354362137,0.979,0.932,2.422298718491708e-30,neural,LOC581567
4.451062664049402e-34,0.32778106609913227,0.902,0.775,9.71355405175501e-30,neural,LOC100893190
1.2672824882983893e-32,0.2576477057605646,0.942,0.869,2.765590574213575e-28,neural,LOC100890754
2.382026165443159e-32,0.27204561101916125,0.421,0.223,5.198295700846606e-28,neural,LOC577882
1.0684319384362658e-30,0.2927984983809233,0.808,0.657,2.3316390192494627e-26,neural,LOC592452
2.32142716403071e-30,0.26165062397836536,0.948,0.874,5.066050500064218e-26,neural,VEB4
2.6664887521737274e-30,0.265389751450569,0.852,0.699,5.819078403868725e-26,neural,LOC585142
4.504538197822012e-28,0.25439172297515733,0.898,0.783,9.830253709106977e-24,neural,LOC105437453
6.800912158071348e-28,0.2928073123272188,0.798,0.655,1.4841630602559104e-23,neural,LOC100893349
2.2319138925731918e-27,0.3052322449809738,0.655,0.496,4.8707056877624766e-23,neural,LOC100892285
1.0635890720952864e-26,0.27719454871843674,0.682,0.519,2.3210704320335434e-22,neural,LOC580685
2.401403526189988e-26,0.26641659768416687,0.568,0.373,5.240582915204411e-22,neural,EGF2
1.7485349595053014e-24,0.2539832353897339,0.717,0.574,3.8158278421284193e-20,neural,LOC582205
2.885961606250553e-24,0.2525160035987724,0.627,0.458,6.298034013320582e-20,neural,LOC105439158
4.565290867331012e-24,0.28112047208409097,0.929,0.865,9.962834259776467e-20,neural,foxx
6.82552401360498e-24,0.2620719978452456,0.795,0.677,1.4895341054890148e-19,neural,LOC580450
